{"cameraMode":{"drawMode":0,"name":"Shaded","section":"Shading Mode"},"sceneLighting":true,"audioPlay":false,"sceneViewState":{"showFog":true,"showMaterialUpdate":false,"showSkybox":true,"showFlares":true,"showImageEffects":true,"showParticleSystems":true},"in2DMode":false,"pivot":{"x":-0.44832682609558108,"y":1.3832899332046509,"z":-0.130132257938385},"rotation":{"x":0.0036888576578348877,"y":-0.9921408891677856,"z":0.12145356833934784,"w":0.03006119839847088},"size":2.183128833770752,"orthographic":false}