{"cameraMode":{"drawMode":0,"name":"Shaded","section":"Shading Mode"},"sceneLighting":true,"audioPlay":false,"sceneViewState":{"showFog":true,"showMaterialUpdate":false,"showSkybox":true,"showFlares":true,"showImageEffects":true,"showParticleSystems":true},"in2DMode":false,"pivot":{"x":5.960464477539063e-8,"y":0.8174678087234497,"z":-0.005579888820648193},"rotation":{"x":-0.09655158966779709,"y":0.7504991292953491,"z":-0.11251308768987656,"w":-0.6440311074256897},"size":1.819756031036377,"orthographic":false}